ID,Description,GeneRatio,BgRatio,pvalue,p.adjust,qvalue,geneID,Count
GO:0004896,cytokine receptor activity,1/1,96/17697,0.00542464824546551,0.0147143583658249,NA,F3,1
GO:0002020,protease binding,1/1,128/17697,0.00723286432728709,0.0147143583658249,NA,F3,1
GO:0004252,serine-type endopeptidase activity,1/1,160/17697,0.00904108040910889,0.0147143583658249,NA,F3,1
GO:0008236,serine-type peptidase activity,1/1,182/17697,0.0102842289653614,0.0147143583658249,NA,F3,1
GO:0017171,serine hydrolase activity,1/1,186/17697,0.0105102559755892,0.0147143583658249,NA,F3,1
GO:0004175,endopeptidase activity,1/1,427/17697,0.0241283833418093,0.0241283833418093,NA,F3,1
GO:0005543,phospholipid binding,1/1,427/17697,0.0241283833418093,0.0241283833418093,NA,F3,1
